{
  "prepare_queue": {
    "installed": [],
    "uninstalled": []
  },
  "config_munge": {
    "files": {
      "app/src/main/AndroidManifest.xml": {
        "parents": {
          "/manifest/application": [
            {
              "xml": "<meta-data android:name=\"com.google.firebase.messaging.default_notification_icon\" android:resource=\"@drawable/notification_icon\" />",
              "count": 92
            }
          ]
        }
      },
      "res/xml/config.xml": {
        "parents": {
          "/*": [
            {
              "xml": "<feature name=\"Carrier\"><param name=\"android-package\" value=\"com.dtmtec.Carrier\" /></feature>",
              "count": 1
            },
            {
              "xml": "<feature name=\"BackgroundGeolocation\"><param name=\"android-package\" value=\"com.tenforwardconsulting.bgloc.cordova.BackgroundGeolocationPlugin\" /></feature>",
              "count": 1
            },
            {
              "xml": "<feature name=\"Device\"><param name=\"android-package\" value=\"org.apache.cordova.device.Device\" /></feature>",
              "count": 1
            },
            {
              "xml": "<feature name=\"BackgroundMode\"><param name=\"android-package\" value=\"de.appplant.cordova.plugin.background.BackgroundMode\" /></feature>",
              "count": 1
            },
            {
              "xml": "<feature name=\"BackgroundModeExt\"><param name=\"android-package\" value=\"de.appplant.cordova.plugin.background.BackgroundModeExt\" /></feature>",
              "count": 1
            },
            {
              "xml": "<preference name=\"KeepRunning\" value=\"true\" />",
              "count": 1
            },
            {
              "xml": "<feature name=\"CallNumber\"><param name=\"android-package\" value=\"mx.ferreyra.callnumber.CFCallNumber\" /></feature>",
              "count": 1
            },
            {
              "xml": "<feature name=\"Camera\"><param name=\"android-package\" value=\"org.apache.cordova.camera.CameraLauncher\" /></feature>",
              "count": 1
            },
            {
              "xml": "<feature name=\"File\"><param name=\"android-package\" value=\"org.apache.cordova.file.FileUtils\" /><param name=\"onload\" value=\"true\" /></feature>",
              "count": 1
            },
            {
              "xml": "<allow-navigation href=\"cdvfile:*\" />",
              "count": 1
            },
            {
              "xml": "<feature name=\"FirebaseAuthentication\"><param name=\"android-package\" value=\"by.chemerisuk.cordova.firebase.FirebaseAuthenticationPlugin\" /><param name=\"onload\" value=\"false\" /></feature>",
              "count": 1
            },
            {
              "xml": "<feature name=\"FirebaseMessaging\"><param name=\"android-package\" value=\"by.chemerisuk.cordova.firebase.FirebaseMessagingPlugin\" /><param name=\"onload\" value=\"true\" /></feature>",
              "count": 1
            },
            {
              "xml": "<feature name=\"Geolocation\"><param name=\"android-package\" value=\"org.apache.cordova.geolocation.Geolocation\" /></feature>",
              "count": 1
            },
            {
              "xml": "<feature name=\"CordovaGoogleMaps\"><param name=\"android-package\" value=\"plugin.google.maps.CordovaGoogleMaps\" /><param name=\"onload\" value=\"true\" /><param name=\"onreset\" value=\"true\" /></feature>",
              "count": 1
            },
            {
              "xml": "<feature name=\"PluginMap\"><param name=\"android-package\" value=\"plugin.google.maps.PluginMap\" /></feature>",
              "count": 1
            },
            {
              "xml": "<feature name=\"PluginPolyline\"><param name=\"android-package\" value=\"plugin.google.maps.PluginPolyline\" /></feature>",
              "count": 1
            },
            {
              "xml": "<feature name=\"PluginPolygon\"><param name=\"android-package\" value=\"plugin.google.maps.PluginPolygon\" /></feature>",
              "count": 1
            },
            {
              "xml": "<feature name=\"PluginMarker\"><param name=\"android-package\" value=\"plugin.google.maps.PluginMarker\" /></feature>",
              "count": 1
            },
            {
              "xml": "<feature name=\"PluginCircle\"><param name=\"android-package\" value=\"plugin.google.maps.PluginCircle\" /></feature>",
              "count": 1
            },
            {
              "xml": "<feature name=\"PluginTileOverlay\"><param name=\"android-package\" value=\"plugin.google.maps.PluginTileOverlay\" /></feature>",
              "count": 1
            },
            {
              "xml": "<feature name=\"PluginGroundOverlay\"><param name=\"android-package\" value=\"plugin.google.maps.PluginGroundOverlay\" /></feature>",
              "count": 1
            },
            {
              "xml": "<feature name=\"PluginKmlOverlay\"><param name=\"android-package\" value=\"plugin.google.maps.PluginKmlOverlay\" /></feature>",
              "count": 1
            },
            {
              "xml": "<feature name=\"PluginGeocoder\"><param name=\"android-package\" value=\"plugin.google.maps.PluginGeocoder\" /></feature>",
              "count": 1
            },
            {
              "xml": "<feature name=\"PluginLocationService\"><param name=\"android-package\" value=\"plugin.google.maps.PluginLocationService\" /></feature>",
              "count": 1
            },
            {
              "xml": "<feature name=\"PluginEnvironment\"><param name=\"android-package\" value=\"plugin.google.maps.PluginEnvironment\" /></feature>",
              "count": 1
            },
            {
              "xml": "<feature name=\"PluginMarkerCluster\"><param name=\"android-package\" value=\"plugin.google.maps.PluginMarkerCluster\" /></feature>",
              "count": 1
            },
            {
              "xml": "<feature name=\"PluginStreetViewPanorama\"><param name=\"android-package\" value=\"plugin.google.maps.PluginStreetViewPanorama\" /></feature>",
              "count": 1
            },
            {
              "xml": "<feature name=\"InAppBrowser\"><param name=\"android-package\" value=\"org.apache.cordova.inappbrowser.InAppBrowser\" /></feature>",
              "count": 1
            },
            {
              "xml": "<feature name=\"Media\"><param name=\"android-package\" value=\"org.apache.cordova.media.AudioHandler\" /></feature>",
              "count": 1
            },
            {
              "xml": "<feature name=\"NetworkStatus\"><param name=\"android-package\" value=\"org.apache.cordova.networkinformation.NetworkManager\" /></feature>",
              "count": 1
            },
            {
              "xml": "<feature name=\"StatusBar\"><param name=\"android-package\" value=\"org.apache.cordova.statusbar.StatusBar\" /><param name=\"onload\" value=\"true\" /></feature>",
              "count": 1
            },
            {
              "xml": "<preference name=\"StatusBarOverlaysWebView\" value=\"true\" />",
              "count": 1
            },
            {
              "xml": "<feature name=\"WebShare\"><param name=\"android-package\" value=\"by.chemerisuk.cordova.WebSharePlugin\" /><param name=\"onload\" value=\"false\" /></feature>",
              "count": 1
            },
            {
              "xml": "<feature name=\"DateTimePicker\"><param name=\"android-package\" value=\"com.skwas.cordova.datetimepicker.DateTimePicker\" /></feature>",
              "count": 1
            }
          ]
        }
      },
      "AndroidManifest.xml": {
        "parents": {
          "/manifest/application": [
            {
              "xml": "<meta-data android:name=\"com.google.android.gms.version\" android:value=\"@integer/google_play_services_version\" />",
              "count": 2
            },
            {
              "xml": "<service android:exported=\"true\" android:name=\"com.marianhello.bgloc.sync.SyncService\" android:process=\":sync\"><intent-filter><action android:name=\"android.content.SyncAdapter\" /></intent-filter><meta-data android:name=\"android.content.SyncAdapter\" android:resource=\"@xml/syncadapter\" /></service>",
              "count": 1
            },
            {
              "xml": "<service android:exported=\"false\" android:name=\"com.marianhello.bgloc.sync.AuthenticatorService\"><intent-filter><action android:name=\"android.accounts.AccountAuthenticator\" /></intent-filter><meta-data android:name=\"android.accounts.AccountAuthenticator\" android:resource=\"@xml/authenticator\" /></service>",
              "count": 1
            },
            {
              "xml": "<provider android:authorities=\"@string/plugin_bgloc_content_authority\" android:exported=\"false\" android:name=\"com.marianhello.bgloc.data.provider.LocationContentProvider\" android:syncable=\"true\" />",
              "count": 1
            },
            {
              "xml": "<service android:enabled=\"true\" android:exported=\"false\" android:foregroundServiceType=\"location\" android:name=\"com.marianhello.bgloc.service.LocationServiceImpl\" />",
              "count": 1
            },
            {
              "xml": "<receiver android:enabled=\"true\" android:exported=\"true\" android:name=\"com.marianhello.bgloc.BootCompletedReceiver\"><intent-filter><action android:name=\"android.intent.action.BOOT_COMPLETED\" /></intent-filter></receiver>",
              "count": 1
            },
            {
              "xml": "<service android:name=\"de.appplant.cordova.plugin.background.ForegroundService\" />",
              "count": 1
            },
            {
              "xml": "<service android:exported=\"false\" android:name=\"by.chemerisuk.cordova.firebase.FirebaseMessagingPluginService\"><intent-filter><action android:name=\"com.google.firebase.MESSAGING_EVENT\" /></intent-filter></service>",
              "count": 1
            },
            {
              "xml": "<meta-data android:name=\"com.google.firebase.messaging.default_notification_channel_id\" android:value=\"default\" />",
              "count": 1
            },
            {
              "xml": "<meta-data android:name=\"com.google.android.geo.API_KEY\" android:value=\"${GOOGLE_MAPS_ANDROID_API_KEY}\" />",
              "count": 1
            },
            {
              "xml": "<uses-library android:name=\"org.apache.http.legacy\" android:required=\"false\" />",
              "count": 1
            }
          ],
          "/manifest": [
            {
              "xml": "<uses-permission android:name=\"android.permission.AUTHENTICATE_ACCOUNTS\" />",
              "count": 1
            },
            {
              "xml": "<uses-permission android:name=\"android.permission.READ_SYNC_SETTINGS\" />",
              "count": 1
            },
            {
              "xml": "<uses-permission android:name=\"android.permission.WRITE_SYNC_SETTINGS\" />",
              "count": 1
            },
            {
              "xml": "<uses-permission android:name=\"android.permission.RECEIVE_BOOT_COMPLETED\" />",
              "count": 1
            },
            {
              "xml": "<uses-permission android:name=\"com.google.android.gms.permission.ACTIVITY_RECOGNITION\" />",
              "count": 1
            },
            {
              "xml": "<uses-permission android:name=\"android.permission.ACTIVITY_RECOGNITION\" />",
              "count": 1
            },
            {
              "xml": "<uses-permission android:name=\"android.permission.ACCESS_NETWORK_STATE\" />",
              "count": 2
            },
            {
              "xml": "<uses-permission android:name=\"android.permission.ACCESS_COARSE_LOCATION\" />",
              "count": 2
            },
            {
              "xml": "<uses-permission android:name=\"android.permission.ACCESS_FINE_LOCATION\" />",
              "count": 2
            },
            {
              "xml": "<uses-permission android:name=\"android.permission.ACCESS_LOCATION_EXTRA_COMMANDS\" />",
              "count": 1
            },
            {
              "xml": "<uses-permission android:name=\"android.permission.INTERNET\" />",
              "count": 2
            },
            {
              "xml": "<uses-permission android:name=\"android.permission.WAKE_LOCK\" />",
              "count": 2
            },
            {
              "xml": "<uses-permission android:name=\"android.permission.FOREGROUND_SERVICE\" />",
              "count": 2
            },
            {
              "xml": "<uses-permission android:name=\"android.permission.POST_NOTIFICATIONS\" />",
              "count": 1
            },
            {
              "xml": "<uses-permission android:name=\"android.permission.FOREGROUND_SERVICE_LOCATION\" />",
              "count": 1
            },
            {
              "xml": "<uses-permission android:name=\"android.hardware.location\" />",
              "count": 1
            },
            {
              "xml": "<uses-permission android:name=\"android.permission.REQUEST_IGNORE_BATTERY_OPTIMIZATIONS\" />",
              "count": 1
            },
            {
              "xml": "<uses-permission android:name=\"android.permission.SYSTEM_ALERT_WINDOW\" />",
              "count": 1
            },
            {
              "xml": "<uses-feature android:glEsVersion=\"0x00020000\" android:required=\"true\" />",
              "count": 1
            },
            {
              "xml": "<uses-feature android:name=\"android.hardware.location\" />",
              "count": 1
            },
            {
              "xml": "<uses-feature android:name=\"android.hardware.location.gps\" />",
              "count": 1
            }
          ],
          "/*": [
            {
              "xml": "<uses-permission android:name=\"android.permission.CALL_PHONE\" />",
              "count": 1
            },
            {
              "xml": "<uses-feature android:name=\"android.hardware.telephony\" android:required=\"false\" />",
              "count": 1
            },
            {
              "xml": "<uses-permission android:maxSdkVersion=\"32\" android:name=\"android.permission.WRITE_EXTERNAL_STORAGE\" />",
              "count": 1
            },
            {
              "xml": "<uses-permission android:name=\"android.permission.READ_MEDIA_IMAGES\" />",
              "count": 1
            },
            {
              "xml": "<uses-permission android:name=\"android.permission.READ_MEDIA_VIDEO\" />",
              "count": 1
            },
            {
              "xml": "<uses-permission android:name=\"android.permission.ACCESS_COARSE_LOCATION\" />",
              "count": 1
            },
            {
              "xml": "<uses-permission android:name=\"android.permission.ACCESS_FINE_LOCATION\" />",
              "count": 1
            },
            {
              "xml": "<uses-feature android:name=\"android.hardware.location.gps\" />",
              "count": 1
            },
            {
              "xml": "<uses-permission android:name=\"android.permission.RECORD_AUDIO\" />",
              "count": 1
            },
            {
              "xml": "<uses-permission android:name=\"android.permission.MODIFY_AUDIO_SETTINGS\" />",
              "count": 1
            },
            {
              "xml": "<uses-permission android:name=\"android.permission.READ_PHONE_STATE\" />",
              "count": 1
            },
            {
              "xml": "<uses-permission android:name=\"android.permission.ACCESS_NETWORK_STATE\" />",
              "count": 1
            }
          ],
          "application": [
            {
              "xml": "<provider android:authorities=\"${applicationId}.cordova.plugin.camera.provider\" android:exported=\"false\" android:grantUriPermissions=\"true\" android:name=\"org.apache.cordova.camera.FileProvider\"><meta-data android:name=\"android.support.FILE_PROVIDER_PATHS\" android:resource=\"@xml/camera_provider_paths\" /></provider>",
              "count": 1
            },
            {
              "xml": "<receiver android:exported=\"false\" android:name=\"by.chemerisuk.cordova.WebShareReceiver\" />",
              "count": 1
            }
          ],
          "queries": [
            {
              "xml": "<intent><action android:name=\"android.media.action.IMAGE_CAPTURE\" /></intent>",
              "count": 1
            },
            {
              "xml": "<intent><action android:name=\"android.intent.action.GET_CONTENT\" /></intent>",
              "count": 1
            },
            {
              "xml": "<intent><action android:name=\"android.intent.action.PICK\" /></intent>",
              "count": 1
            },
            {
              "xml": "<intent><action android:name=\"com.android.camera.action.CROP\" /><data android:mimeType=\"image/*\" android:scheme=\"content\" /></intent>",
              "count": 1
            }
          ]
        }
      },
      "res/values/strings.xml": {
        "parents": {
          "/resources": [
            {
              "xml": "<string name=\"plugin_bgloc_account_name\">@string/app_name</string>",
              "count": 1
            },
            {
              "xml": "<string name=\"plugin_bgloc_account_type\">com.dreamtaxi.driverapp.account</string>",
              "count": 1
            },
            {
              "xml": "<string name=\"plugin_bgloc_content_authority\">com.dreamtaxi.driverapp</string>",
              "count": 1
            }
          ]
        }
      },
      "res/xml/authenticator.xml": {
        "parents": {
          "/*": [
            {
              "xml": "<account-authenticator android:accountType=\"@string/plugin_bgloc_account_type\" android:icon=\"@mipmap/ic_launcher\" android:label=\"@string/app_name\" android:smallIcon=\"@mipmap/ic_launcher\" xmlns:android=\"http://schemas.android.com/apk/res/android\" />",
              "count": 1,
              "mode": "overwrite",
              "plugin": "cordova-background-geolocation-plugin",
              "oldAttrib": {
                "android:accountType": "@string/plugin_bgloc_account_type",
                "android:icon": "@mipmap/ic_launcher",
                "android:label": "@string/app_name",
                "android:smallIcon": "@mipmap/ic_launcher",
                "xmlns:android": "http://schemas.android.com/apk/res/android"
              }
            }
          ]
        }
      },
      "res/xml/syncadapter.xml": {
        "parents": {
          "/*": [
            {
              "xml": "<sync-adapter android:accountType=\"@string/plugin_bgloc_account_type\" android:allowParallelSyncs=\"false\" android:contentAuthority=\"@string/plugin_bgloc_content_authority\" android:isAlwaysSyncable=\"true\" android:supportsUploading=\"true\" android:userVisible=\"false\" xmlns:android=\"http://schemas.android.com/apk/res/android\" />",
              "count": 1,
              "mode": "overwrite",
              "plugin": "cordova-background-geolocation-plugin",
              "oldAttrib": {
                "android:accountType": "@string/plugin_bgloc_account_type",
                "android:allowParallelSyncs": "false",
                "android:contentAuthority": "@string/plugin_bgloc_content_authority",
                "android:isAlwaysSyncable": "true",
                "android:supportsUploading": "true",
                "android:userVisible": "false",
                "xmlns:android": "http://schemas.android.com/apk/res/android"
              }
            }
          ]
        }
      },
      "config.xml": {
        "parents": {
          "/*": [
            {
              "xml": "<preference name=\"AndroidXEnabled\" value=\"true\" />",
              "count": 2
            },
            {
              "xml": "<preference name=\"GradlePluginGoogleServicesEnabled\" value=\"true\" />",
              "count": 2
            },
            {
              "xml": "<preference name=\"GradlePluginGoogleServicesVersion\" value=\"4.3.13\" />",
              "count": 1
            },
            {
              "xml": "<preference name=\"GradlePluginGoogleServicesVersion\" value=\"4.4.0\" />",
              "count": 1
            },
            {
              "xml": "<preference name=\"xwalkZOrderOnTop\" value=\"true\" />",
              "count": 1
            },
            {
              "xml": "<preference name=\"BackgroundColor\" value=\"0\" />",
              "count": 1
            },
            {
              "xml": "<preference name=\"android-minSdkVersion\" value=\"19\" />",
              "count": 1
            },
            {
              "xml": "<feature name=\"CDVIonicKeyboard\"><param name=\"android-package\" onload=\"true\" value=\"io.ionic.keyboard.CDVIonicKeyboard\" /></feature>",
              "count": 1
            },
            {
              "xml": "<feature name=\"RequestLocationAccuracy\"><param name=\"android-package\" value=\"cordova.plugin.RequestLocationAccuracy\" /></feature>",
              "count": 1
            },
            {
              "xml": "<feature name=\"Diagnostic\"><param name=\"android-package\" value=\"cordova.plugins.Diagnostic\" /><param name=\"onload\" value=\"true\" /></feature>",
              "count": 1
            },
            {
              "xml": "<feature name=\"Diagnostic_Location\"><param name=\"android-package\" value=\"cordova.plugins.Diagnostic_Location\" /><param name=\"onload\" value=\"true\" /></feature>",
              "count": 1
            },
            {
              "xml": "<feature name=\"Device\"><param name=\"android-package\" value=\"org.apache.cordova.device.Device\" /></feature>",
              "count": 1
            },
            {
              "xml": "<feature name=\"NetworkStatus\"><param name=\"android-package\" value=\"org.apache.cordova.networkinformation.NetworkManager\" /></feature>",
              "count": 1
            },
            {
              "xml": "<access origin=\"https://ssl.gstatic.com/accessibility/javascript/android/*\" />",
              "count": 1
            },
            {
              "xml": "<feature name=\"MobileAccessibility\"><param name=\"android-package\" value=\"com.phonegap.plugin.mobileaccessibility.MobileAccessibility\" /></feature>",
              "count": 1
            }
          ]
        }
      }
    }
  },
  "installed_plugins": {
    "com.peerio.cordova.plugin.carrier": {
      "PACKAGE_NAME": "com.dreamtaxi.driverapp"
    },
    "cordova-android-support-gradle-release": {
      "ANDROID_SUPPORT_VERSION": "27.+",
      "PACKAGE_NAME": "com.dreamtaxi.driverapp"
    },
    "cordova-background-geolocation-plugin": {
      "GOOGLE_PLAY_SERVICES_VERSION": "17+",
      "ICON": "@mipmap/ic_launcher",
      "SMALL_ICON": "@mipmap/ic_launcher",
      "ACCOUNT_NAME": "@string/app_name",
      "ACCOUNT_LABEL": "@string/app_name",
      "ACCOUNT_TYPE": "$PACKAGE_NAME.account",
      "CONTENT_AUTHORITY": "$PACKAGE_NAME",
      "PACKAGE_NAME": "com.dreamtaxi.driverapp"
    },
    "cordova-plugin-androidx-adapter": {
      "PACKAGE_NAME": "com.dreamtaxi.driverapp"
    },
    "cordova-plugin-device": {
      "PACKAGE_NAME": "com.dreamtaxi.driverapp"
    },
    "cordova-plugin-background-mode": {
      "PACKAGE_NAME": "com.dreamtaxi.driverapp"
    },
    "cordova-plugin-call-number": {
      "PACKAGE_NAME": "com.dreamtaxi.driverapp"
    },
    "cordova-plugin-camera": {
      "ANDROIDX_CORE_VERSION": "1.6.+",
      "PACKAGE_NAME": "com.dreamtaxi.driverapp"
    },
    "cordova-plugin-file": {
      "PACKAGE_NAME": "com.dreamtaxi.driverapp"
    },
    "cordova-support-android-plugin": {
      "PACKAGE_NAME": "com.dreamtaxi.driverapp"
    },
    "cordova-plugin-firebase-authentication": {
      "ANDROID_FIREBASE_BOM_VERSION": "30.3.1",
      "PACKAGE_NAME": "com.dreamtaxi.driverapp"
    },
    "cordova-plugin-firebase-messaging": {
      "ANDROID_FIREBASE_BOM_VERSION": "32.5.0",
      "PACKAGE_NAME": "com.dreamtaxi.driverapp"
    },
    "cordova-plugin-geolocation": {
      "PACKAGE_NAME": "com.dreamtaxi.driverapp"
    },
    "cordova-plugin-googlemaps": {
      "PACKAGE_NAME": "com.dreamtaxi.driverapp"
    },
    "cordova-plugin-inappbrowser": {
      "PACKAGE_NAME": "com.dreamtaxi.driverapp"
    },
    "cordova-plugin-ionic-keyboard": {
      "PACKAGE_NAME": "com.dreamtaxi.driverapp"
    },
    "cordova-plugin-media": {
      "PACKAGE_NAME": "com.dreamtaxi.driverapp"
    },
    "cordova-plugin-network-information": {
      "PACKAGE_NAME": "com.dreamtaxi.driverapp"
    },
    "cordova-plugin-request-location-accuracy": {
      "PLAY_SERVICES_LOCATION_VERSION": "16.+",
      "PACKAGE_NAME": "com.dreamtaxi.driverapp"
    },
    "cordova-plugin-statusbar": {
      "PACKAGE_NAME": "com.dreamtaxi.driverapp"
    },
    "cordova-plugin-web-share": {
      "PACKAGE_NAME": "com.dreamtaxi.driverapp"
    },
    "cordova.plugins.diagnostic": {
      "ANDROIDX_VERSION": "1.0.0",
      "ANDROIDX_APPCOMPAT_VERSION": "1.3.1",
      "PACKAGE_NAME": "com.dreamtaxi.driverapp"
    },
    "phonegap-plugin-mobile-accessibility": {
      "PACKAGE_NAME": "com.dreamtaxi.driverapp"
    },
    "skwas-cordova-plugin-datetimepicker": {
      "PACKAGE_NAME": "com.dreamtaxi.driverapp"
    }
  },
  "dependent_plugins": {},
  "modules": [
    {
      "id": "com.peerio.cordova.plugin.carrier.Carrier",
      "file": "plugins/com.peerio.cordova.plugin.carrier/www/carrier.js",
      "pluginId": "com.peerio.cordova.plugin.carrier",
      "clobbers": [
        "window.plugins.carrier"
      ]
    },
    {
      "id": "cordova-background-geolocation-plugin.BackgroundGeolocation",
      "file": "plugins/cordova-background-geolocation-plugin/www/BackgroundGeolocation.js",
      "pluginId": "cordova-background-geolocation-plugin",
      "clobbers": [
        "BackgroundGeolocation"
      ]
    },
    {
      "id": "cordova-background-geolocation-plugin.radio",
      "file": "plugins/cordova-background-geolocation-plugin/www/radio.js",
      "pluginId": "cordova-background-geolocation-plugin"
    },
    {
      "id": "cordova-plugin-device.device",
      "file": "plugins/cordova-plugin-device/www/device.js",
      "pluginId": "cordova-plugin-device",
      "clobbers": [
        "device"
      ]
    },
    {
      "id": "cordova-plugin-background-mode.BackgroundMode",
      "file": "plugins/cordova-plugin-background-mode/www/background-mode.js",
      "pluginId": "cordova-plugin-background-mode",
      "clobbers": [
        "cordova.plugins.backgroundMode",
        "plugin.backgroundMode"
      ]
    },
    {
      "id": "cordova-plugin-call-number.CallNumber",
      "file": "plugins/cordova-plugin-call-number/www/CallNumber.js",
      "pluginId": "cordova-plugin-call-number",
      "clobbers": [
        "call"
      ]
    },
    {
      "id": "cordova-plugin-camera.Camera",
      "file": "plugins/cordova-plugin-camera/www/CameraConstants.js",
      "pluginId": "cordova-plugin-camera",
      "clobbers": [
        "Camera"
      ]
    },
    {
      "id": "cordova-plugin-camera.CameraPopoverOptions",
      "file": "plugins/cordova-plugin-camera/www/CameraPopoverOptions.js",
      "pluginId": "cordova-plugin-camera",
      "clobbers": [
        "CameraPopoverOptions"
      ]
    },
    {
      "id": "cordova-plugin-camera.camera",
      "file": "plugins/cordova-plugin-camera/www/Camera.js",
      "pluginId": "cordova-plugin-camera",
      "clobbers": [
        "navigator.camera"
      ]
    },
    {
      "id": "cordova-plugin-camera.CameraPopoverHandle",
      "file": "plugins/cordova-plugin-camera/www/CameraPopoverHandle.js",
      "pluginId": "cordova-plugin-camera",
      "clobbers": [
        "CameraPopoverHandle"
      ]
    },
    {
      "id": "cordova-plugin-file.DirectoryEntry",
      "file": "plugins/cordova-plugin-file/www/DirectoryEntry.js",
      "pluginId": "cordova-plugin-file",
      "clobbers": [
        "window.DirectoryEntry"
      ]
    },
    {
      "id": "cordova-plugin-file.DirectoryReader",
      "file": "plugins/cordova-plugin-file/www/DirectoryReader.js",
      "pluginId": "cordova-plugin-file",
      "clobbers": [
        "window.DirectoryReader"
      ]
    },
    {
      "id": "cordova-plugin-file.Entry",
      "file": "plugins/cordova-plugin-file/www/Entry.js",
      "pluginId": "cordova-plugin-file",
      "clobbers": [
        "window.Entry"
      ]
    },
    {
      "id": "cordova-plugin-file.File",
      "file": "plugins/cordova-plugin-file/www/File.js",
      "pluginId": "cordova-plugin-file",
      "clobbers": [
        "window.File"
      ]
    },
    {
      "id": "cordova-plugin-file.FileEntry",
      "file": "plugins/cordova-plugin-file/www/FileEntry.js",
      "pluginId": "cordova-plugin-file",
      "clobbers": [
        "window.FileEntry"
      ]
    },
    {
      "id": "cordova-plugin-file.FileError",
      "file": "plugins/cordova-plugin-file/www/FileError.js",
      "pluginId": "cordova-plugin-file",
      "clobbers": [
        "window.FileError"
      ]
    },
    {
      "id": "cordova-plugin-file.FileReader",
      "file": "plugins/cordova-plugin-file/www/FileReader.js",
      "pluginId": "cordova-plugin-file",
      "clobbers": [
        "window.FileReader"
      ]
    },
    {
      "id": "cordova-plugin-file.FileSystem",
      "file": "plugins/cordova-plugin-file/www/FileSystem.js",
      "pluginId": "cordova-plugin-file",
      "clobbers": [
        "window.FileSystem"
      ]
    },
    {
      "id": "cordova-plugin-file.FileUploadOptions",
      "file": "plugins/cordova-plugin-file/www/FileUploadOptions.js",
      "pluginId": "cordova-plugin-file",
      "clobbers": [
        "window.FileUploadOptions"
      ]
    },
    {
      "id": "cordova-plugin-file.FileUploadResult",
      "file": "plugins/cordova-plugin-file/www/FileUploadResult.js",
      "pluginId": "cordova-plugin-file",
      "clobbers": [
        "window.FileUploadResult"
      ]
    },
    {
      "id": "cordova-plugin-file.FileWriter",
      "file": "plugins/cordova-plugin-file/www/FileWriter.js",
      "pluginId": "cordova-plugin-file",
      "clobbers": [
        "window.FileWriter"
      ]
    },
    {
      "id": "cordova-plugin-file.Flags",
      "file": "plugins/cordova-plugin-file/www/Flags.js",
      "pluginId": "cordova-plugin-file",
      "clobbers": [
        "window.Flags"
      ]
    },
    {
      "id": "cordova-plugin-file.LocalFileSystem",
      "file": "plugins/cordova-plugin-file/www/LocalFileSystem.js",
      "pluginId": "cordova-plugin-file",
      "clobbers": [
        "window.LocalFileSystem"
      ],
      "merges": [
        "window"
      ]
    },
    {
      "id": "cordova-plugin-file.Metadata",
      "file": "plugins/cordova-plugin-file/www/Metadata.js",
      "pluginId": "cordova-plugin-file",
      "clobbers": [
        "window.Metadata"
      ]
    },
    {
      "id": "cordova-plugin-file.ProgressEvent",
      "file": "plugins/cordova-plugin-file/www/ProgressEvent.js",
      "pluginId": "cordova-plugin-file",
      "clobbers": [
        "window.ProgressEvent"
      ]
    },
    {
      "id": "cordova-plugin-file.fileSystems",
      "file": "plugins/cordova-plugin-file/www/fileSystems.js",
      "pluginId": "cordova-plugin-file"
    },
    {
      "id": "cordova-plugin-file.requestFileSystem",
      "file": "plugins/cordova-plugin-file/www/requestFileSystem.js",
      "pluginId": "cordova-plugin-file",
      "clobbers": [
        "window.requestFileSystem"
      ]
    },
    {
      "id": "cordova-plugin-file.resolveLocalFileSystemURI",
      "file": "plugins/cordova-plugin-file/www/resolveLocalFileSystemURI.js",
      "pluginId": "cordova-plugin-file",
      "merges": [
        "window"
      ]
    },
    {
      "id": "cordova-plugin-file.isChrome",
      "file": "plugins/cordova-plugin-file/www/browser/isChrome.js",
      "pluginId": "cordova-plugin-file",
      "runs": true
    },
    {
      "id": "cordova-plugin-file.androidFileSystem",
      "file": "plugins/cordova-plugin-file/www/android/FileSystem.js",
      "pluginId": "cordova-plugin-file",
      "merges": [
        "FileSystem"
      ]
    },
    {
      "id": "cordova-plugin-file.fileSystems-roots",
      "file": "plugins/cordova-plugin-file/www/fileSystems-roots.js",
      "pluginId": "cordova-plugin-file",
      "runs": true
    },
    {
      "id": "cordova-plugin-file.fileSystemPaths",
      "file": "plugins/cordova-plugin-file/www/fileSystemPaths.js",
      "pluginId": "cordova-plugin-file",
      "merges": [
        "cordova"
      ],
      "runs": true
    },
    {
      "id": "cordova-plugin-firebase-authentication.FirebaseAuthentication",
      "file": "plugins/cordova-plugin-firebase-authentication/www/FirebaseAuthentication.js",
      "pluginId": "cordova-plugin-firebase-authentication",
      "merges": [
        "cordova.plugins.firebase.auth"
      ]
    },
    {
      "id": "cordova-plugin-firebase-messaging.FirebaseMessaging",
      "file": "plugins/cordova-plugin-firebase-messaging/www/FirebaseMessaging.js",
      "pluginId": "cordova-plugin-firebase-messaging",
      "merges": [
        "cordova.plugins.firebase.messaging"
      ]
    },
    {
      "id": "cordova-plugin-geolocation.geolocation",
      "file": "plugins/cordova-plugin-geolocation/www/android/geolocation.js",
      "pluginId": "cordova-plugin-geolocation",
      "clobbers": [
        "navigator.geolocation"
      ]
    },
    {
      "id": "cordova-plugin-geolocation.PositionError",
      "file": "plugins/cordova-plugin-geolocation/www/PositionError.js",
      "pluginId": "cordova-plugin-geolocation",
      "runs": true
    },
    {
      "id": "cordova-plugin-googlemaps.Promise",
      "file": "plugins/cordova-plugin-googlemaps/www/Promise.js",
      "pluginId": "cordova-plugin-googlemaps"
    },
    {
      "id": "cordova-plugin-googlemaps.BaseClass",
      "file": "plugins/cordova-plugin-googlemaps/www/BaseClass.js",
      "pluginId": "cordova-plugin-googlemaps",
      "runs": true
    },
    {
      "id": "cordova-plugin-googlemaps.BaseArrayClass",
      "file": "plugins/cordova-plugin-googlemaps/www/BaseArrayClass.js",
      "pluginId": "cordova-plugin-googlemaps",
      "runs": true
    },
    {
      "id": "cordova-plugin-googlemaps.LatLng",
      "file": "plugins/cordova-plugin-googlemaps/www/LatLng.js",
      "pluginId": "cordova-plugin-googlemaps",
      "runs": true
    },
    {
      "id": "cordova-plugin-googlemaps.LatLngBounds",
      "file": "plugins/cordova-plugin-googlemaps/www/LatLngBounds.js",
      "pluginId": "cordova-plugin-googlemaps",
      "runs": true
    },
    {
      "id": "cordova-plugin-googlemaps.VisibleRegion",
      "file": "plugins/cordova-plugin-googlemaps/www/VisibleRegion.js",
      "pluginId": "cordova-plugin-googlemaps",
      "runs": true
    },
    {
      "id": "cordova-plugin-googlemaps.Location",
      "file": "plugins/cordova-plugin-googlemaps/www/Location.js",
      "pluginId": "cordova-plugin-googlemaps",
      "runs": true
    },
    {
      "id": "cordova-plugin-googlemaps.CameraPosition",
      "file": "plugins/cordova-plugin-googlemaps/www/CameraPosition.js",
      "pluginId": "cordova-plugin-googlemaps",
      "runs": true
    },
    {
      "id": "cordova-plugin-googlemaps.Polyline",
      "file": "plugins/cordova-plugin-googlemaps/www/Polyline.js",
      "pluginId": "cordova-plugin-googlemaps",
      "runs": true
    },
    {
      "id": "cordova-plugin-googlemaps.Polygon",
      "file": "plugins/cordova-plugin-googlemaps/www/Polygon.js",
      "pluginId": "cordova-plugin-googlemaps",
      "runs": true
    },
    {
      "id": "cordova-plugin-googlemaps.Marker",
      "file": "plugins/cordova-plugin-googlemaps/www/Marker.js",
      "pluginId": "cordova-plugin-googlemaps",
      "runs": true
    },
    {
      "id": "cordova-plugin-googlemaps.HtmlInfoWindow",
      "file": "plugins/cordova-plugin-googlemaps/www/HtmlInfoWindow.js",
      "pluginId": "cordova-plugin-googlemaps",
      "runs": true
    },
    {
      "id": "cordova-plugin-googlemaps.Circle",
      "file": "plugins/cordova-plugin-googlemaps/www/Circle.js",
      "pluginId": "cordova-plugin-googlemaps",
      "runs": true
    },
    {
      "id": "cordova-plugin-googlemaps.TileOverlay",
      "file": "plugins/cordova-plugin-googlemaps/www/TileOverlay.js",
      "pluginId": "cordova-plugin-googlemaps",
      "runs": true
    },
    {
      "id": "cordova-plugin-googlemaps.GroundOverlay",
      "file": "plugins/cordova-plugin-googlemaps/www/GroundOverlay.js",
      "pluginId": "cordova-plugin-googlemaps",
      "runs": true
    },
    {
      "id": "cordova-plugin-googlemaps.Common",
      "file": "plugins/cordova-plugin-googlemaps/www/Common.js",
      "pluginId": "cordova-plugin-googlemaps",
      "runs": true
    },
    {
      "id": "cordova-plugin-googlemaps.encoding",
      "file": "plugins/cordova-plugin-googlemaps/www/encoding.js",
      "pluginId": "cordova-plugin-googlemaps",
      "runs": true
    },
    {
      "id": "cordova-plugin-googlemaps.spherical",
      "file": "plugins/cordova-plugin-googlemaps/www/spherical.js",
      "pluginId": "cordova-plugin-googlemaps",
      "runs": true
    },
    {
      "id": "cordova-plugin-googlemaps.poly",
      "file": "plugins/cordova-plugin-googlemaps/www/poly.js",
      "pluginId": "cordova-plugin-googlemaps",
      "runs": true
    },
    {
      "id": "cordova-plugin-googlemaps.Geocoder",
      "file": "plugins/cordova-plugin-googlemaps/www/Geocoder.js",
      "pluginId": "cordova-plugin-googlemaps",
      "runs": true
    },
    {
      "id": "cordova-plugin-googlemaps.LocationService",
      "file": "plugins/cordova-plugin-googlemaps/www/LocationService.js",
      "pluginId": "cordova-plugin-googlemaps",
      "runs": true
    },
    {
      "id": "cordova-plugin-googlemaps.Map",
      "file": "plugins/cordova-plugin-googlemaps/www/Map.js",
      "pluginId": "cordova-plugin-googlemaps",
      "runs": true
    },
    {
      "id": "cordova-plugin-googlemaps.event",
      "file": "plugins/cordova-plugin-googlemaps/www/event.js",
      "pluginId": "cordova-plugin-googlemaps",
      "runs": true
    },
    {
      "id": "cordova-plugin-googlemaps.MapTypeId",
      "file": "plugins/cordova-plugin-googlemaps/www/MapTypeId.js",
      "pluginId": "cordova-plugin-googlemaps",
      "runs": true
    },
    {
      "id": "cordova-plugin-googlemaps.KmlOverlay",
      "file": "plugins/cordova-plugin-googlemaps/www/KmlOverlay.js",
      "pluginId": "cordova-plugin-googlemaps",
      "runs": true
    },
    {
      "id": "cordova-plugin-googlemaps.KmlLoader",
      "file": "plugins/cordova-plugin-googlemaps/www/KmlLoader.js",
      "pluginId": "cordova-plugin-googlemaps",
      "runs": true
    },
    {
      "id": "cordova-plugin-googlemaps.Environment",
      "file": "plugins/cordova-plugin-googlemaps/www/Environment.js",
      "pluginId": "cordova-plugin-googlemaps",
      "runs": true
    },
    {
      "id": "cordova-plugin-googlemaps.MarkerCluster",
      "file": "plugins/cordova-plugin-googlemaps/www/MarkerCluster.js",
      "pluginId": "cordova-plugin-googlemaps",
      "runs": true
    },
    {
      "id": "cordova-plugin-googlemaps.Cluster",
      "file": "plugins/cordova-plugin-googlemaps/www/Cluster.js",
      "pluginId": "cordova-plugin-googlemaps",
      "runs": true
    },
    {
      "id": "cordova-plugin-googlemaps.geomodel",
      "file": "plugins/cordova-plugin-googlemaps/www/geomodel.js",
      "pluginId": "cordova-plugin-googlemaps",
      "runs": true
    },
    {
      "id": "cordova-plugin-googlemaps.commandQueueExecutor",
      "file": "plugins/cordova-plugin-googlemaps/www/commandQueueExecutor.js",
      "pluginId": "cordova-plugin-googlemaps",
      "runs": true
    },
    {
      "id": "cordova-plugin-googlemaps.pluginInit",
      "file": "plugins/cordova-plugin-googlemaps/www/pluginInit.js",
      "pluginId": "cordova-plugin-googlemaps",
      "runs": true
    },
    {
      "id": "cordova-plugin-googlemaps.StreetViewPanorama",
      "file": "plugins/cordova-plugin-googlemaps/www/StreetViewPanorama.js",
      "pluginId": "cordova-plugin-googlemaps",
      "runs": true
    },
    {
      "id": "cordova-plugin-googlemaps.Overlay",
      "file": "plugins/cordova-plugin-googlemaps/www/Overlay.js",
      "pluginId": "cordova-plugin-googlemaps",
      "runs": true
    },
    {
      "id": "cordova-plugin-googlemaps.Thread",
      "file": "plugins/cordova-plugin-googlemaps/www/Thread.js",
      "pluginId": "cordova-plugin-googlemaps",
      "runs": true
    },
    {
      "id": "cordova-plugin-googlemaps.InlineWorker",
      "file": "plugins/cordova-plugin-googlemaps/www/InlineWorker.js",
      "pluginId": "cordova-plugin-googlemaps",
      "runs": true
    },
    {
      "id": "cordova-plugin-googlemaps.googlemaps-cdv-plugin",
      "file": "plugins/cordova-plugin-googlemaps/www/plugin-loader-for-android_ios.js",
      "pluginId": "cordova-plugin-googlemaps",
      "clobbers": [
        "plugin.google.maps"
      ]
    },
    {
      "id": "cordova-plugin-googlemaps.js_CordovaGoogleMaps",
      "file": "plugins/cordova-plugin-googlemaps/www/js_CordovaGoogleMaps-for-android_ios.js",
      "pluginId": "cordova-plugin-googlemaps",
      "runs": true
    },
    {
      "id": "cordova-plugin-inappbrowser.inappbrowser",
      "file": "plugins/cordova-plugin-inappbrowser/www/inappbrowser.js",
      "pluginId": "cordova-plugin-inappbrowser",
      "clobbers": [
        "cordova.InAppBrowser.open",
        "window.open"
      ]
    },
    {
      "id": "cordova-plugin-ionic-keyboard.keyboard",
      "file": "plugins/cordova-plugin-ionic-keyboard/www/android/keyboard.js",
      "pluginId": "cordova-plugin-ionic-keyboard",
      "clobbers": [
        "window.Keyboard"
      ]
    },
    {
      "id": "cordova-plugin-media.MediaError",
      "file": "plugins/cordova-plugin-media/www/MediaError.js",
      "pluginId": "cordova-plugin-media",
      "clobbers": [
        "window.MediaError"
      ]
    },
    {
      "id": "cordova-plugin-media.Media",
      "file": "plugins/cordova-plugin-media/www/Media.js",
      "pluginId": "cordova-plugin-media",
      "clobbers": [
        "window.Media"
      ]
    },
    {
      "id": "cordova-plugin-network-information.network",
      "file": "plugins/cordova-plugin-network-information/www/network.js",
      "pluginId": "cordova-plugin-network-information",
      "clobbers": [
        "navigator.connection",
        "navigator.network.connection"
      ]
    },
    {
      "id": "cordova-plugin-network-information.Connection",
      "file": "plugins/cordova-plugin-network-information/www/Connection.js",
      "pluginId": "cordova-plugin-network-information",
      "clobbers": [
        "Connection"
      ]
    },
    {
      "id": "cordova-plugin-request-location-accuracy.RequestLocationAccuracy",
      "file": "plugins/cordova-plugin-request-location-accuracy/www/android/RequestLocationAccuracy.js",
      "pluginId": "cordova-plugin-request-location-accuracy",
      "clobbers": [
        "cordova.plugins.locationAccuracy"
      ]
    },
    {
      "id": "cordova-plugin-statusbar.statusbar",
      "file": "plugins/cordova-plugin-statusbar/www/statusbar.js",
      "pluginId": "cordova-plugin-statusbar",
      "clobbers": [
        "window.StatusBar"
      ]
    },
    {
      "id": "cordova-plugin-web-share.WebShare",
      "file": "plugins/cordova-plugin-web-share/www/WebShare.js",
      "pluginId": "cordova-plugin-web-share",
      "clobbers": [
        "window.navigator.share"
      ]
    },
    {
      "id": "cordova.plugins.diagnostic.Diagnostic",
      "file": "plugins/cordova.plugins.diagnostic/www/android/diagnostic.js",
      "pluginId": "cordova.plugins.diagnostic",
      "merges": [
        "cordova.plugins.diagnostic"
      ]
    },
    {
      "id": "cordova.plugins.diagnostic.Diagnostic_Location",
      "file": "plugins/cordova.plugins.diagnostic/www/android/diagnostic.location.js",
      "pluginId": "cordova.plugins.diagnostic",
      "merges": [
        "cordova.plugins.diagnostic.location"
      ]
    },
    {
      "id": "phonegap-plugin-mobile-accessibility.mobile-accessibility",
      "file": "plugins/phonegap-plugin-mobile-accessibility/www/mobile-accessibility.js",
      "pluginId": "phonegap-plugin-mobile-accessibility",
      "clobbers": [
        "window.MobileAccessibility"
      ]
    },
    {
      "id": "phonegap-plugin-mobile-accessibility.MobileAccessibilityNotifications",
      "file": "plugins/phonegap-plugin-mobile-accessibility/www/MobileAccessibilityNotifications.js",
      "pluginId": "phonegap-plugin-mobile-accessibility",
      "clobbers": [
        "MobileAccessibilityNotifications"
      ]
    },
    {
      "id": "skwas-cordova-plugin-datetimepicker.DateTimePicker",
      "file": "plugins/skwas-cordova-plugin-datetimepicker/www/datetimepicker.js",
      "pluginId": "skwas-cordova-plugin-datetimepicker",
      "clobbers": [
        "cordova.plugins.DateTimePicker"
      ]
    },
    {
      "id": "skwas-cordova-plugin-datetimepicker.utils",
      "file": "plugins/skwas-cordova-plugin-datetimepicker/www/utils.js",
      "pluginId": "skwas-cordova-plugin-datetimepicker"
    }
  ],
  "plugin_metadata": {
    "com.peerio.cordova.plugin.carrier": "1.0.1",
    "cordova-android-support-gradle-release": "3.0.1",
    "cordova-background-geolocation-plugin": "2.3.1",
    "cordova-plugin-androidx-adapter": "1.1.3",
    "cordova-plugin-device": "2.0.3",
    "cordova-plugin-background-mode": "0.7.3",
    "cordova-plugin-call-number": "1.0.1",
    "cordova-plugin-camera": "7.0.0",
    "cordova-plugin-file": "6.0.2",
    "cordova-support-android-plugin": "2.0.4",
    "cordova-plugin-firebase-authentication": "7.0.1",
    "cordova-plugin-firebase-messaging": "8.0.1",
    "cordova-plugin-geolocation": "4.0.2",
    "cordova-plugin-googlemaps": "2.7.1",
    "cordova-plugin-inappbrowser": "3.1.0",
    "cordova-plugin-ionic-keyboard": "2.2.0",
    "cordova-plugin-media": "5.0.3",
    "cordova-plugin-network-information": "2.0.2",
    "cordova-plugin-request-location-accuracy": "2.3.0",
    "cordova-plugin-statusbar": "3.0.0",
    "cordova-plugin-web-share": "1.4.1",
    "cordova.plugins.diagnostic": "7.1.0",
    "phonegap-plugin-mobile-accessibility": "1.0.5-dev",
    "skwas-cordova-plugin-datetimepicker": "2.1.2"
  }
}
